{
  "user": {
    "username": "demo-user",
    "name": "Demo User",
    "bio": "Sample GitHub user for dashboard preview",
    "public_repos": 42,
    "followers": 156,
    "following": 89,
    "created_at": "2020-01-15T08:30:00Z"
  },
  "languages": {
    "Python": 15,
    "JavaScript": 12,
    "TypeScript": 8,
    "Java": 3,
    "Go": 2,
    "Rust": 1,
    "HTML": 1
  },
  "commit_hours": {
    "9": 5,
    "10": 12,
    "11": 8,
    "14": 15,
    "15": 18,
    "16": 10,
    "20": 6,
    "21": 4
  },
  "commit_days": {
    "Monday": 15,
    "Tuesday": 18,
    "Wednesday": 22,
    "Thursday": 16,
    "Friday": 12,
    "Saturday": 5,
    "Sunday": 3
  },
  "activity_types": {
    "PushEvent": 45,
    "CreateEvent": 12,
    "PullRequestEvent": 8,
    "IssuesEvent": 6,
    "WatchEvent": 4,
    "ForkEvent": 2
  },
  "repo_stats": {
    "total_stars": 342,
    "total_forks": 67,
    "total_repos": 42,
    "top_repos": [
      {
        "name": "awesome-project",
        "stars": 156,
        "forks": 23,
        "language": "Python"
      },
      {
        "name": "cool-tool",
        "stars": 89,
        "forks": 15,
        "language": "JavaScript"
      },
      {
        "name": "data-analyzer",
        "stars": 45,
        "forks": 12,
        "language": "Python"
      },
      {
        "name": "web-app",
        "stars": 32,
        "forks": 8,
        "language": "TypeScript"
      },
      {
        "name": "learning-rust",
        "stars": 20,
        "forks": 9,
        "language": "Rust"
      }
    ]
  },
  "last_updated": "2026-01-29T18:12:00.000000"
}
